title,genres,description,director,year
Edge of Storm,Crime|Action|Adventure,A story about an undercover agent infiltrates a criminal empire and a relentless chase across the city and a treasure hunt through uncharted territory.,C. Petrov,1996
The Last Fury,Adventure,A story about a treasure hunt through uncharted territory.,R. Nakamura,1997
Shadows of Silence,Action|Animation|Adventure,A story about a relentless chase across the city and an imaginative adventure through a fantastical realm and explorers venturing into the unknown.,C. Petrov,1996
Echoes of Paradox,Action|Drama|Horror,A story about a lone hero fighting overwhelming odds and a family torn apart by hidden secrets and survivors are hunted by an unseen evil.,R. Nakamura,1999
The Last Empire,Fantasy|Crime,A story about a young hero discovers magical powers and a heist that goes horribly wrong.,C. Petrov,2013
Shadows of Wilderness,Fantasy,A story about an ancient prophecy comes to life.,M. Chen,2013
The Sanctuary,Mystery|Crime,A story about clues lead to a shocking revelation and rival gangs battle for control of the city.,K. Adeyemi,2009
Echoes of Frontier,Comedy|Drama,A story about a series of hilarious misunderstandings and a powerful story of loss and redemption.,J. Novak,1997
Echoes of Legacy,Romance|Mystery|Comedy,A story about a whirlwind romance set in a foreign city and a small town hides a decades-old secret and a series of hilarious misunderstandings.,D. Alvarez,2008
Into the Reckoning,Mystery|Thriller,A story about a small town hides a decades-old secret and a conspiracy that reaches the highest levels of power.,M. Chen,2019
The Last Paradox,Romance|Horror,A story about a whirlwind romance set in a foreign city and survivors are hunted by an unseen evil.,C. Petrov,2020
Legacy of Silence,Comedy,A story about an awkward reunion turns into chaos.,N. Kowalski,2016
Beyond Tomorrow,Crime|Animation,A story about an undercover agent infiltrates a criminal empire and a colorful world full of unforgettable characters.,L. Moreau,2017
Whispers of Wilderness,Mystery,A story about an investigator pieces together a baffling case.,S. Patel,2014
Beyond Requiem,Drama,A story about one person's struggle to rebuild their life.,S. Patel,2018
Shadows of Labyrinth,Mystery|Adventure|Sci-Fi,A story about an investigator pieces together a baffling case and a treasure hunt through uncharted territory and a dystopian future where technology controls society.,L. Moreau,2023
Into the Eclipse,Horror|Thriller,A story about survivors are hunted by an unseen evil and a conspiracy that reaches the highest levels of power.,R. Nakamura,2002
Into the Silence,Sci-Fi|Drama,A story about a dystopian future where technology controls society and a family torn apart by hidden secrets.,A. Reyes,2010
Echoes of Kingdom,Comedy|Action,A story about a series of hilarious misunderstandings and explosive stunts and high-stakes combat.,D. Alvarez,2006
The Last Sanctuary,Mystery,A story about clues lead to a shocking revelation.,D. Alvarez,2007
Whispers of Labyrinth,Adventure|Mystery|Thriller,A story about an epic journey to a hidden land and a small town hides a decades-old secret and a detective races against time to stop a killer.,J. Novak,2009
Into the Empire,Animation|Action,A story about a heartwarming tale for the whole family and a relentless chase across the city.,C. Petrov,1999
Edge of Sanctuary,Adventure,A story about an epic journey to a hidden land.,C. Petrov,2007
Into the Void,Animation|Romance,A story about a colorful world full of unforgettable characters and two strangers fall in love against the odds.,M. Chen,2022
Legacy of Frontier,Mystery|Comedy|Adventure,A story about a small town hides a decades-old secret and a series of hilarious misunderstandings and explorers venturing into the unknown.,K. Adeyemi,2018
Rise of Requiem,Fantasy|Action,A story about a young hero discovers magical powers and a lone hero fighting overwhelming odds.,K. Adeyemi,1999
The Last Horizon,Crime|Adventure,A story about an undercover agent infiltrates a criminal empire and a treasure hunt through uncharted territory.,D. Alvarez,2006
Into the Wilderness,Fantasy|Horror,A story about an ancient prophecy comes to life and survivors are hunted by an unseen evil.,F. Rossi,2002
Echoes of Fury,Thriller|Drama,A story about a detective races against time to stop a killer and a powerful story of loss and redemption.,T. O'Brien,2006
The Horizon,Mystery|Comedy,A story about a small town hides a decades-old secret and a mismatched duo stumbles into absurd situations.,C. Petrov,2006
Legacy of Wilderness,Adventure|Drama,A story about an epic journey to a hidden land and a family torn apart by hidden secrets.,T. O'Brien,2001
Edge of Fury,Animation|Horror|Action,A story about a colorful world full of unforgettable characters and a small group is trapped with something sinister and explosive stunts and high-stakes combat.,F. Rossi,1997
Beyond Labyrinth,Mystery|Sci-Fi,A story about an investigator pieces together a baffling case and a dystopian future where technology controls society.,K. Adeyemi,1997
Whispers of Frontier,Horror|Adventure|Sci-Fi,A story about a haunted house holds a terrifying secret and an epic journey to a hidden land and humanity confronts an advanced alien intelligence.,S. Patel,2013
Legacy of Storm,Crime|Romance|Sci-Fi,A story about an undercover agent infiltrates a criminal empire and a whirlwind romance set in a foreign city and humanity confronts an advanced alien intelligence.,A. Reyes,1995
Beyond Ashes,Thriller|Drama,A story about a detective races against time to stop a killer and a family torn apart by hidden secrets.,L. Moreau,2001
Rise of Ashes,Animation|Romance,A story about a colorful world full of unforgettable characters and a whirlwind romance set in a foreign city.,R. Nakamura,2021
Into the Tomorrow,Mystery|Crime,A story about clues lead to a shocking revelation and an undercover agent infiltrates a criminal empire.,R. Nakamura,2021
The Last Storm,Fantasy|Horror,A story about a young hero discovers magical powers and survivors are hunted by an unseen evil.,S. Patel,2014
The Storm,Sci-Fi|Mystery,A story about a dystopian future where technology controls society and clues lead to a shocking revelation.,M. Chen,2012
The Reckoning,Adventure|Fantasy|Action,A story about an epic journey to a hidden land and a young hero discovers magical powers and explosive stunts and high-stakes combat.,A. Reyes,2019
Legacy of Odyssey,Adventure,A story about a treasure hunt through uncharted territory.,K. Adeyemi,2014
Rise of Frontier,Fantasy|Drama|Horror,A story about a kingdom at war with mythical creatures and a powerful story of loss and redemption and a haunted house holds a terrifying secret.,T. O'Brien,1999
Whispers of Empire,Mystery|Romance|Adventure,A story about clues lead to a shocking revelation and two strangers fall in love against the odds and a treasure hunt through uncharted territory.,M. Chen,2001
Rise of Empire,Horror|Crime,A story about a small group is trapped with something sinister and rival gangs battle for control of the city.,S. Patel,2003
Into the Frontier,Horror|Adventure,A story about survivors are hunted by an unseen evil and a treasure hunt through uncharted territory.,S. Patel,2016
Shadows of Kingdom,Fantasy|Thriller|Romance,A story about a kingdom at war with mythical creatures and a detective races against time to stop a killer and a second chance at love years later.,K. Adeyemi,1997
Edge of Horizon,Fantasy|Mystery,A story about a kingdom at war with mythical creatures and clues lead to a shocking revelation.,A. Reyes,2007
Edge of Ashes,Fantasy|Adventure,A story about a young hero discovers magical powers and an epic journey to a hidden land.,M. Chen,1997
Rise of Void,Sci-Fi,A story about a scientist unravels the mysteries of time travel.,S. Patel,2021
Whispers of Void,Sci-Fi|Fantasy|Crime,A story about a dystopian future where technology controls society and a kingdom at war with mythical creatures and an undercover agent infiltrates a criminal empire.,K. Adeyemi,1997
Rise of Tomorrow,Thriller|Adventure,A story about nothing is as it seems in this twisting plot and an epic journey to a hidden land.,F. Rossi,1997
Rise of Silence,Adventure|Comedy,A story about an epic journey to a hidden land and an awkward reunion turns into chaos.,A. Reyes,2005
The Last Eclipse,Animation|Sci-Fi,A story about a heartwarming tale for the whole family and a dystopian future where technology controls society.,N. Kowalski,2002
Beyond Kingdom,Action|Sci-Fi,A story about a relentless chase across the city and a scientist unravels the mysteries of time travel.,F. Rossi,2004
The Last Kingdom,Romance|Action,A story about a second chance at love years later and a relentless chase across the city.,A. Reyes,1995
The Last Odyssey,Fantasy|Mystery,A story about a young hero discovers magical powers and an investigator pieces together a baffling case.,M. Chen,2016
Whispers of Requiem,Fantasy|Comedy|Drama,A story about a young hero discovers magical powers and an awkward reunion turns into chaos and a family torn apart by hidden secrets.,N. Kowalski,2018
Into the Labyrinth,Action|Sci-Fi,A story about a relentless chase across the city and humanity confronts an advanced alien intelligence.,F. Rossi,2018
Rise of Eclipse,Action|Adventure,A story about a lone hero fighting overwhelming odds and a treasure hunt through uncharted territory.,D. Alvarez,2016
Rise of Sanctuary,Horror|Comedy,A story about a haunted house holds a terrifying secret and an awkward reunion turns into chaos.,S. Patel,2000
The Void,Romance|Fantasy,A story about a second chance at love years later and a young hero discovers magical powers.,A. Reyes,2023
Rise of Fury,Sci-Fi|Action,A story about a scientist unravels the mysteries of time travel and explosive stunts and high-stakes combat.,M. Chen,2010
Shadows of Dream,Adventure,A story about a treasure hunt through uncharted territory.,M. Chen,1999
Whispers of Paradox,Thriller,A story about a detective races against time to stop a killer.,L. Moreau,2004
Echoes of Ashes,Crime|Animation,A story about rival gangs battle for control of the city and a colorful world full of unforgettable characters.,N. Kowalski,2010
Into the Legacy,Action|Fantasy,A story about a lone hero fighting overwhelming odds and a kingdom at war with mythical creatures.,N. Kowalski,2017
The Last Ashes,Crime,A story about an undercover agent infiltrates a criminal empire.,N. Kowalski,2016
The Tomorrow,Crime|Romance,A story about a heist that goes horribly wrong and a second chance at love years later.,T. O'Brien,2012
The Last Dream,Comedy|Action|Mystery,A story about a series of hilarious misunderstandings and a lone hero fighting overwhelming odds and clues lead to a shocking revelation.,D. Alvarez,1997
The Last Silence,Comedy|Adventure|Horror,A story about a series of hilarious misunderstandings and explorers venturing into the unknown and a haunted house holds a terrifying secret.,J. Novak,2018
Legacy of Requiem,Adventure|Mystery|Comedy,A story about an epic journey to a hidden land and clues lead to a shocking revelation and a mismatched duo stumbles into absurd situations.,F. Rossi,2001
Beyond Sanctuary,Romance|Comedy,A story about a whirlwind romance set in a foreign city and a mismatched duo stumbles into absurd situations.,N. Kowalski,2004
Into the Horizon,Action|Mystery|Comedy,A story about a lone hero fighting overwhelming odds and a small town hides a decades-old secret and a mismatched duo stumbles into absurd situations.,J. Novak,2016
Legacy of Legacy,Mystery|Horror,A story about an investigator pieces together a baffling case and a haunted house holds a terrifying secret.,D. Alvarez,2001
Legacy of Horizon,Mystery|Adventure,A story about clues lead to a shocking revelation and a treasure hunt through uncharted territory.,L. Moreau,2007
Shadows of Fury,Animation,A story about a heartwarming tale for the whole family.,S. Patel,2018
The Last Void,Sci-Fi|Animation,A story about a dystopian future where technology controls society and an imaginative adventure through a fantastical realm.,L. Moreau,2023
Beyond Wilderness,Mystery|Horror,A story about an investigator pieces together a baffling case and a haunted house holds a terrifying secret.,S. Patel,1995
Whispers of Legacy,Thriller|Romance,A story about nothing is as it seems in this twisting plot and a second chance at love years later.,M. Chen,2021
Edge of Reckoning,Adventure|Drama|Action,A story about explorers venturing into the unknown and one person's struggle to rebuild their life and explosive stunts and high-stakes combat.,K. Adeyemi,1997
Echoes of Silence,Thriller|Comedy,A story about a detective races against time to stop a killer and an awkward reunion turns into chaos.,M. Chen,1996
Rise of Storm,Comedy|Thriller,A story about a mismatched duo stumbles into absurd situations and nothing is as it seems in this twisting plot.,J. Novak,2019
Edge of Eclipse,Crime,A story about rival gangs battle for control of the city.,D. Alvarez,2012
The Eclipse,Animation|Sci-Fi|Comedy,A story about a colorful world full of unforgettable characters and humanity confronts an advanced alien intelligence and a mismatched duo stumbles into absurd situations.,S. Patel,2000
Legacy of Eclipse,Comedy|Horror,A story about an awkward reunion turns into chaos and a small group is trapped with something sinister.,N. Kowalski,2015
Rise of Labyrinth,Comedy|Mystery,A story about a mismatched duo stumbles into absurd situations and clues lead to a shocking revelation.,R. Nakamura,1998
Into the Kingdom,Drama,A story about a powerful story of loss and redemption.,T. O'Brien,2012
Shadows of Frontier,Mystery|Thriller,A story about a small town hides a decades-old secret and a conspiracy that reaches the highest levels of power.,J. Novak,2002
Edge of Odyssey,Romance,A story about two strangers fall in love against the odds.,K. Adeyemi,2003
Whispers of Eclipse,Thriller|Comedy,A story about nothing is as it seems in this twisting plot and a series of hilarious misunderstandings.,T. O'Brien,2003
Echoes of Wilderness,Crime|Fantasy,A story about an undercover agent infiltrates a criminal empire and an ancient prophecy comes to life.,J. Novak,1997
Rise of Dream,Thriller|Crime|Mystery,A story about nothing is as it seems in this twisting plot and rival gangs battle for control of the city and a small town hides a decades-old secret.,S. Patel,1996
Echoes of Requiem,Adventure,A story about a treasure hunt through uncharted territory.,D. Alvarez,2022
Shadows of Empire,Sci-Fi|Horror,A story about a dystopian future where technology controls society and a small group is trapped with something sinister.,M. Chen,2021
The Last Tomorrow,Sci-Fi,A story about humanity confronts an advanced alien intelligence.,C. Petrov,2024
The Legacy,Crime|Comedy,A story about an undercover agent infiltrates a criminal empire and a mismatched duo stumbles into absurd situations.,R. Nakamura,2017
Beyond Empire,Comedy,A story about a mismatched duo stumbles into absurd situations.,C. Petrov,2001
Shadows of Sanctuary,Action,A story about a lone hero fighting overwhelming odds.,L. Moreau,2009
Rise of Reckoning,Mystery|Fantasy,A story about a small town hides a decades-old secret and an ancient prophecy comes to life.,J. Novak,1995
Shadows of Requiem,Adventure|Comedy|Drama,A story about explorers venturing into the unknown and an awkward reunion turns into chaos and one person's struggle to rebuild their life.,J. Novak,2010
Whispers of Fury,Comedy,A story about a mismatched duo stumbles into absurd situations.,D. Alvarez,1997
Shadows of Legacy,Drama|Mystery,A story about a family torn apart by hidden secrets and an investigator pieces together a baffling case.,L. Moreau,1998
Whispers of Tomorrow,Thriller|Action,A story about a detective races against time to stop a killer and a relentless chase across the city.,C. Petrov,1999
The Kingdom,Mystery|Romance|Adventure,A story about a small town hides a decades-old secret and two strangers fall in love against the odds and a treasure hunt through uncharted territory.,J. Novak,2000
The Last Frontier,Comedy,A story about a mismatched duo stumbles into absurd situations.,N. Kowalski,2007
Legacy of Kingdom,Action,A story about a relentless chase across the city.,L. Moreau,1997
Beyond Odyssey,Thriller|Romance,A story about nothing is as it seems in this twisting plot and a second chance at love years later.,M. Chen,1996
Legacy of Fury,Fantasy|Mystery,A story about a young hero discovers magical powers and an investigator pieces together a baffling case.,K. Adeyemi,2018
Whispers of Dream,Action|Thriller|Horror,A story about explosive stunts and high-stakes combat and a detective races against time to stop a killer and a haunted house holds a terrifying secret.,L. Moreau,2001
Edge of Wilderness,Romance|Animation,A story about two strangers fall in love against the odds and a colorful world full of unforgettable characters.,N. Kowalski,2017
Edge of Void,Action|Animation,A story about a lone hero fighting overwhelming odds and a heartwarming tale for the whole family.,A. Reyes,2021
Into the Requiem,Action|Comedy,A story about a lone hero fighting overwhelming odds and a series of hilarious misunderstandings.,C. Petrov,2002
Whispers of Kingdom,Thriller|Adventure,A story about a conspiracy that reaches the highest levels of power and an epic journey to a hidden land.,T. O'Brien,2012
The Last Reckoning,Thriller|Adventure,A story about a detective races against time to stop a killer and a treasure hunt through uncharted territory.,C. Petrov,1997
Shadows of Storm,Mystery|Animation|Drama,A story about clues lead to a shocking revelation and an imaginative adventure through a fantastical realm and a powerful story of loss and redemption.,M. Chen,2019
Rise of Legacy,Animation|Comedy,A story about a colorful world full of unforgettable characters and an awkward reunion turns into chaos.,N. Kowalski,2003
Edge of Silence,Comedy|Drama|Fantasy,A story about a mismatched duo stumbles into absurd situations and a family torn apart by hidden secrets and an ancient prophecy comes to life.,M. Chen,2015
Legacy of Tomorrow,Action,A story about explosive stunts and high-stakes combat.,J. Novak,2021
The Fury,Adventure|Romance,A story about explorers venturing into the unknown and two strangers fall in love against the odds.,T. O'Brien,2014
Rise of Horizon,Crime,A story about an undercover agent infiltrates a criminal empire.,N. Kowalski,2014
The Wilderness,Sci-Fi|Action,A story about humanity confronts an advanced alien intelligence and explosive stunts and high-stakes combat.,A. Reyes,2014
Shadows of Horizon,Thriller|Crime,A story about nothing is as it seems in this twisting plot and a heist that goes horribly wrong.,C. Petrov,2004
Beyond Fury,Mystery,A story about clues lead to a shocking revelation.,T. O'Brien,1997
Whispers of Odyssey,Crime|Fantasy,A story about a heist that goes horribly wrong and an ancient prophecy comes to life.,S. Patel,2007
Rise of Paradox,Thriller|Horror,A story about a detective races against time to stop a killer and survivors are hunted by an unseen evil.,F. Rossi,2001
The Odyssey,Crime|Thriller,A story about a heist that goes horribly wrong and a conspiracy that reaches the highest levels of power.,C. Petrov,2024
Into the Storm,Comedy|Sci-Fi,A story about a mismatched duo stumbles into absurd situations and humanity confronts an advanced alien intelligence.,M. Chen,1998
Legacy of Reckoning,Animation,A story about an imaginative adventure through a fantastical realm.,R. Nakamura,1997
Whispers of Sanctuary,Mystery|Sci-Fi,A story about clues lead to a shocking revelation and humanity confronts an advanced alien intelligence.,A. Reyes,2007
Beyond Storm,Horror|Drama,A story about a haunted house holds a terrifying secret and a powerful story of loss and redemption.,F. Rossi,1996
Edge of Empire,Animation|Mystery|Fantasy,A story about an imaginative adventure through a fantastical realm and an investigator pieces together a baffling case and an ancient prophecy comes to life.,R. Nakamura,2004
Echoes of Dream,Thriller|Crime|Romance,A story about nothing is as it seems in this twisting plot and an undercover agent infiltrates a criminal empire and a second chance at love years later.,S. Patel,1995
Legacy of Ashes,Action,A story about a lone hero fighting overwhelming odds.,S. Patel,1997
The Last Labyrinth,Action|Adventure,A story about a lone hero fighting overwhelming odds and explorers venturing into the unknown.,N. Kowalski,2021
Rise of Kingdom,Adventure|Romance,A story about explorers venturing into the unknown and a second chance at love years later.,S. Patel,2005
Echoes of Void,Sci-Fi|Comedy|Fantasy,A story about a scientist unravels the mysteries of time travel and a series of hilarious misunderstandings and an ancient prophecy comes to life.,L. Moreau,2014
Edge of Labyrinth,Comedy|Adventure,A story about a mismatched duo stumbles into absurd situations and an epic journey to a hidden land.,F. Rossi,2022
Edge of Frontier,Comedy,A story about a mismatched duo stumbles into absurd situations.,F. Rossi,2022
Edge of Paradox,Romance|Horror,A story about two strangers fall in love against the odds and survivors are hunted by an unseen evil.,J. Novak,2000
Echoes of Tomorrow,Fantasy|Comedy,A story about a kingdom at war with mythical creatures and a mismatched duo stumbles into absurd situations.,C. Petrov,2024
The Dream,Comedy|Animation,A story about a mismatched duo stumbles into absurd situations and a colorful world full of unforgettable characters.,R. Nakamura,2011
Edge of Tomorrow,Mystery|Drama,A story about clues lead to a shocking revelation and a powerful story of loss and redemption.,A. Reyes,1995
The Last Wilderness,Thriller|Animation,A story about nothing is as it seems in this twisting plot and an imaginative adventure through a fantastical realm.,S. Patel,2001
Legacy of Empire,Crime,A story about a heist that goes horribly wrong.,F. Rossi,2020
Legacy of Dream,Action|Horror,A story about a relentless chase across the city and a small group is trapped with something sinister.,A. Reyes,2007
Into the Dream,Action|Adventure,A story about a relentless chase across the city and explorers venturing into the unknown.,D. Alvarez,2016
The Last Legacy,Comedy,A story about a mismatched duo stumbles into absurd situations.,A. Reyes,2023
The Labyrinth,Horror|Mystery|Adventure,A story about a small group is trapped with something sinister and clues lead to a shocking revelation and a treasure hunt through uncharted territory.,S. Patel,2002
Beyond Void,Crime|Action,A story about a heist that goes horribly wrong and explosive stunts and high-stakes combat.,N. Kowalski,2024
